{
  "情熱型":   { "dyn": 0.60, "sta": 0.20, "bond": 0.20, "trust": 0.35 },
  "安心型":   { "dyn": 0.20, "sta": 0.55, "bond": 0.25, "trust": 0.75 },
  "共感型":   { "dyn": 0.25, "sta": 0.58, "bond": 0.17, "trust": 0.70 },
  "自由型":   { "dyn": 0.45, "sta": 0.30, "bond": 0.25, "trust": 0.50 },
  "理性型":   { "dyn": 0.20, "sta": 0.45, "bond": 0.15, "trust": 0.80 },
  "依存型":   { "dyn": 0.35, "sta": 0.25, "bond": 0.40, "trust": 0.45 },
  "バランス型": { "dyn": 0.34, "sta": 0.38, "bond": 0.28, "trust": 0.65 },
  "ドラマ型": { "dyn": 0.55, "sta": 0.20, "bond": 0.25, "trust": 0.30 }
}
