{
  "熟年夫婦タイプ": {
    "catch": "静かな愛が、いちばん強い。",
    "body": "長く一緒にいるほど､安心と信頼が深まる関係｡沈黙さえも心地よく､目を合わせるだけで気持ちが通じ合う“静かな愛” が特徴です｡相手の存在は日常の一部で､無理をしなくても優しさが循環します｡ただ､その穏やかさに慣れすぎると､感謝やときめきを表す機会が減ってしまうこともあります｡愛は安定の中で育つけれど､放っておくと少しずつ色あせてしまうのです｡\nアドバイス：\n安定は美しいけれど､そこに変化を混ぜることで恋は生き続けます｡月に一度はいつもと違うカフェに行く､手紙を一行書く､普段言わない｢ありがとう｣を言う｡そんな小さな行動が愛を新しくします｡恋は刺激ではなく､日々の中で“更新” されるもの｡お互いの存在を当たり前にせず､言葉と行動で｢今日も好き｣を伝えてください｡"
  },
  "運命共同体タイプ": {
    "catch": "二人でいれば、世界なんて怖くない。",
    "body": "ふたりで一つのチームのように支え合うタイプ｡夢や目標を共有し､相手の頑張りを自分のことのように喜べる強い絆があります｡どんな困難も｢一緒なら大丈夫｣と思える安心感があり､信頼の深さが関係を導きます｡ただ､結びつきが強いほど､自分の世界を忘れてしまう危うさも｡相手と歩むことは大切だけど､｢あなた｣と｢私｣がそれぞれのペースで進むからこそ､ふたりの人生は豊かになります｡\nアドバイス：\n支え合う関係ほど､時々“離れる勇気” を持ちましょう｡週に一度はひとりの時間を持ち､自分の感情や夢をリセットすることで心が軽くなります｡相手と一緒に成長するためには､まず自分の中に余白を作ること｡自立は冷たさではなく､愛の余裕です｡"
  },
  "共依存メンヘラカップル": {
    "catch": "痛いほど愛して、壊れそう。",
    "body": "強く惹かれ合い､離れると不安になるほど深い絆を持つタイプ｡愛が深すぎるあまり､相手の一言で気持ちが大きく揺れてしまいます｡心が繋がっている安心を求める気持ちは本物だけれど､それが強すぎると“確認” ばかり増えてしまい､相手も息苦しくなることがあります｡愛するほど苦しくなるのは､相手の中に自分の存在を探しすぎているから｡愛は溶け合うことではなく､寄り添うことです｡\nアドバイス：\n恋にのめり込みすぎたと感じたら､少しだけ“自分の時間” を取り戻してみましょう｡好きな音楽を聴く､友達と話す､鏡の前で深呼吸する⸺小さな自己回復が愛を安定させます｡あなたが自分を愛せるようになれば､相手も安心してあなたを愛せるようになります｡"
  },
  "情熱ストームタイプ": {
    "catch": "出会った瞬間、恋が嵐になる。",
    "body": "出会った瞬間から恋が始まり､嵐のように心が動くタイプ｡喜びも怒りも悲しみもすべてが鮮やかで､恋が人生の中心になります｡感情の熱量が高く､相手を全力で愛する力がある一方で､エネルギーを使いすぎて疲れてしまうこともあります｡情熱は美しいけれど､燃え上がるほど､燃え尽きる危険も高まります｡恋の炎を長く灯すには､時々､風を通してあげることが大切です｡\nアドバイス：\n感情が溢れそうなときは､一呼吸置いて“今の自分” を観察してみてください｡怒りの裏にある不安､涙の奥にある愛を見つめることで､感情は整っていきます｡恋を長続きさせる秘訣は､情熱を冷ますことではなく､温度を保つこと｡燃やすことと休ませること､その両方があなたの恋を守ります｡"
  },
  "幼なじみ安心タイプ": {
    "catch": "恋人というより、心のふるさと。",
    "body": "まるで家のように安心できる関係｡お互いの素を出せて､無理せず過ごせる優しい空気があります｡喧嘩をしても自然と仲直りでき､信頼の深さが土台になっています｡でも､安心に慣れすぎると恋の“特別感” を忘れてしまい､関係が穏やかすぎて刺激が薄れることも｡恋の火は勝手に消えるのではなく､少しずつ油を足さないと静かに消えてしまうのです｡\nアドバイス：\n関係が落ち着いているときこそ､意識的に“ときめき” を取り戻してみましょう｡服装を変える､初めての場所でデートをする､手を繋ぐタイミングをずらす⸺そんな小さな違いが心を再び動かします｡恋は努力ではなく､工夫で続きます｡安心の中に､小さな冒険を混ぜてみてください｡"
  },
  "幼なじみ安心型": {
    "catch": "恋人というより、心のふるさと。",
    "body": "まるで家のように安心できる関係｡お互いの素を出せて､無理せず過ごせる優しい空気があります｡喧嘩をしても自然と仲直りでき､信頼の深さが土台になっています｡でも､安心に慣れすぎると恋の“特別感” を忘れてしまい､関係が穏やかすぎて刺激が薄れることも｡恋の火は勝手に消えるのではなく､少しずつ油を足さないと静かに消えてしまうのです｡\nアドバイス：\n関係が落ち着いているときこそ､意識的に“ときめき” を取り戻してみましょう｡服装を変える､初めての場所でデートをする､手を繋ぐタイミングをずらす⸺そんな小さな違いが心を再び動かします｡恋は努力ではなく､工夫で続きます｡安心の中に､小さな冒険を混ぜてみてください｡"
  },
  "夜明けの恋人タイプ": {
    "catch": "暗い夜ほど、二人の距離は近くなる。",
    "body": "夜の静けさのように､穏やかで繊細な心を持つタイプ｡感情の奥行きを大切にし､言葉よりも“空気” で通じ合う関係を築きます｡沈黙が気まずくなく､寄り添うだけで安心できる心の深さが魅力です｡ただ､ロマンチックな夜の時間に浸りすぎると､現実的な課題を後回しにしてしまうこともあります｡感情を大切にするからこそ､夢と日常のバランスを取る力が求められるタイプです｡\nアドバイス：\n愛を育てるには､感情だけでなく“生活” を共にする意識を持ちましょう｡朝に連絡を取り合う､家事や勉強の計画を共有するなど､現実の行動が心の安定を生みます｡感情の夜に優しさを､現実の朝に約束を⸺その繰り返しが､あなたたちの関係を穏やかに深めていきます｡"
  },
  "クールシーソータイプ": {
    "catch": "恋は好きでも、冷静さは手放しません。",
    "body": "理性と冷静さを保ちながら恋をする､知的で落ち着いたタイプ｡感情に流されすぎず､丁寧に相手と向き合えるため､安定した関係を築けます｡しかし､慎重すぎる性格が裏目に出て､相手に｢何を考えているのかわからない｣と感じさせてしまうことも｡優しさを隠してしまうと､誤解が生まれるのがこのタイプの弱点です｡冷静さの中にも､愛を伝える“温度” が必要です｡\nアドバイス：\nあなたの中にある思いやりを､少しずつ言葉や行動で表してみてください｡｢理由はないけど会いたい｣｢お疲れさま｣といった一言が､相手の心を柔らかくします｡理性的な恋ほど､感情のひとしずくが輝きを増します｡クールなあなたに必要なのは､理性の合間にある“人間らしい温もり” です｡"
  },
  "鏡写しタイプ": {
    "catch": "似すぎて、だからぶつかる。",
    "body": "似た者同士で惹かれ合うタイプ｡考え方や反応が似ているからこそ､理解も早く､共感が強く生まれます｡しかし､同じ部分が多い分だけ､相手に自分を重ねてしまい､時に衝突も起きやすいです｡相手の短所が自分の弱点を映す鏡のように見えるため､イライラの原因が自分にあると気づかないまま相手を責めてしまうこともあります｡似ているふたりは､相手を変えるより“自分を整える” ことでうまくいきます｡\nアドバイス：\n相手の言葉にカチンときたら､それは自分の心が映っているサイン｡すぐ反応せず､一度立ち止まって｢私は今､何に傷ついたんだろう｣と見つめてみてください｡自分を理解できる人は､相手も理解できる人です｡ふたりの似ている部分を競い合うのではなく､鏡として磨き合う意識を持ちましょう｡"
  },
  "癒しパートナータイプ": {
    "catch": "あなたの隣にいるだけで、心が落ち着きます。",
    "body": "静かな優しさで包み合う､心が休まる関係｡会話がなくても落ち着く時間を共有でき､無理に盛り上げなくても自然体でいられます｡相手の心に寄り添う力が強く､思いやりが恋の中心にあるタイプです｡ただ､優しすぎるあまり､自分の本音を隠してしまい､気づけば小さな不満が積もることもあります｡優しさは大切だけど､それだけでは本当の信頼にはなりません｡\nアドバイス：\n相手を思うほどに｢言わない優しさ｣を選びがちですが､本当の思いやりは“伝える勇気”の中にあります｡｢実は少し寂しかった｣｢もっとこうしたい｣と素直に話すことが､関係をより深める第一歩です｡あなたの穏やかな声には､相手を安心させる力があります｡"
  },
  "嵐のような恋タイプ": {
    "catch": "愛しすぎて、ぶつかりすぎる。",
    "body": "感情が激しく､愛情表現もストレートなタイプ｡嬉しい時は全身で喜び､悲しい時は全てをさらけ出すように泣く⸺そんな真っ直ぐな愛し方が魅力です｡情熱的で嘘がなく､心から相手を想う強さがある一方で､感情の爆発が衝突を生むことも｡喧嘩は多いけれど､その分､仲直りもドラマチックで深い愛を確かめ合う瞬間になります｡\nアドバイス：\n怒りや悲しみが湧いた時こそ､すぐに言葉にせず｢私は本当は何を伝えたいんだろう｣と一度考えてみてください｡感情の奥には､愛や不安が隠れています｡感情をぶつけるより､心を見せるほうがずっと強い｡あなたの“真っ直ぐすぎる愛” が､相手の心を育てる優しさに変わっていきます｡"
  },
  "ミラクルバランスタイプ": {
    "catch": "完璧じゃない。でも、ちょうどいい。",
    "body": "安定と自由､情熱と冷静⸺どちらも自然に共存できる､理想的なバランス感覚を持つタイプ｡恋に溺れすぎず､かといって冷めることもなく､相手を尊重しながら楽しい時間を共有できます｡喧嘩をしても感情に流されずに話し合えるため､大きな問題が起きにくいのも特徴です｡ただ､平和すぎる関係は､時に“退屈” という落とし穴を作ります｡恋は安定の上に立つものですが､変化がなければ心は眠ってしまうのです｡\nアドバイス：\n穏やかさを保ちながらも､月に一度は小さな｢初めて｣を取り入れてください｡新しいカフェ､新しい趣味､どんな小さな変化でも構いません｡新鮮さは刺激ではなく､信頼を再確認するスパイスです｡恋の成長は､大きな出来事よりも､日常の小さな更新から始まります｡"
  },
  "太陽と月タイプ": {
    "catch": "違うリズムが、ちょうどいい。",
    "body": "まるで正反対のふたりなのに､不思議と惹かれ合うタイプ｡明るく行動的な一方と､静かで思慮深いもう一方⸺その違いこそが､相手にない魅力を引き出し合う力になります｡性格の差は､衝突ではなく補完のチャンスです｡ただ､お互いのテンポがずれると誤解が生じやすく､｢冷たい｣とか｢重い｣と感じてしまう瞬間も｡大切なのは､“違い” を否定ではなく“役割” として受け入れることです｡\nアドバイス：\n相手のリズムを変えようとするより､まずは理解して寄り添う姿勢を｡あなたが太陽なら､相手の静けさを照らす光に｡あなたが月なら､相手の熱をやわらげる影に｡違うからこそ惹かれた⸺その原点を思い出すと､ふたりの関係はより調和していきます｡"
  },
  "幸福共感タイプ": {
    "catch": "心が通じるって、こんなに幸せです。",
    "body": "お互いの気持ちを丁寧に受け取り､優しさで包み合えるタイプ｡ちょっとした出来事でも｢わかる｣と微笑み合える関係で､共感力が高いのが特徴です｡感情の波を一緒に感じ取れるため､相手の痛みや喜びをまるで自分のことのように思えます｡ただし､相手に合わせすぎると､自分の本音を置き去りにしてしまう危険もあります｡優しさの中に､自分の輪郭をちゃんと残すことが大切です｡\nアドバイス：\n“共感” は相手に寄り添う力であり､“迎合” は自分を手放す行為です｡違いを恐れずに､自分の意見を言うことも愛の一部だと信じてください｡あなたが自分を大切にできるとき､相手も安心して本音を出せます｡思いやりとは､ふたりが“素のままでいられる勇気” を育てることです｡"
  },
  "瞬間恋愛タイプ": {
    "catch": "一瞬のときめきが、すべてを動かします。",
    "body": "一瞬で恋に落ち､感情の花火のように輝くタイプ｡直感で動くことが多く､恋の始まりはいつも衝動的｡でも､その瞬間の熱が本物だからこそ､誰よりも強く惹かれ､短時間でも深く相手にのめり込みます｡反面､勢いのまま進みすぎると､関係が続く前にエネルギーが尽きてしまうことも｡スピードのある恋ほど､冷静なハンドルが必要です｡\nアドバイス：\n恋の勢いを止める必要はありません｡ただ､時々立ち止まって“次の一歩” を見つめてみてください｡相手を知る時間を楽しむことで､恋は一瞬の熱から､穏やかな光へと変わります｡恋の魔法を長続きさせるのは､焦らずに進む勇気です｡"
  },
  "空気のような関係": {
    "catch": "一緒にいることが、もう自然です。",
    "body": "一緒にいることが自然で､無理のない関係を築けるタイプ｡派手さはないけれど､信頼と安心が積み重なってできた絆があります｡お互いを干渉せず､そっと見守り合える優しさが魅力です｡ただ､静かで落ち着いた関係だからこそ､｢伝える努力｣を忘れがちになります｡愛情があるのに､表現しないまま時間が過ぎる⸺それがこのタイプの唯一の落とし穴です｡\nアドバイス：\n｢言わなくても伝わる｣は幻想です｡どんなに安定した関係でも､言葉や態度で愛情を形にすることが必要です｡朝の｢おはよう｣､夜の｢おつかれさま｣､帰り際の笑顔｡小さな一言が､無言の時間を“あたたかい沈黙” に変えてくれます｡"
  },
  "感情ジェットコースタータイプ": {
    "catch": "泣いて、笑って、また惹かれます。",
    "body": "感情のアップダウンが激しく､恋に全力で向かうタイプ｡笑うときも泣くときも､すべてが本気で､愛する力が人一倍強いです｡毎日がクライマックスのようにドラマチックで､相手を巻き込むほどの情熱を持っています｡けれど､そのエネルギーの強さが裏目に出ると､相手を疲れさせたり､自分自身が燃え尽きてしまうことも｡愛が深いからこそ､自分の心の波を理解することが大切です｡\nアドバイス：\n感情は悪者ではありません｡大切なのは｢感情に飲まれず､感情と対話すること｣です｡嬉しい・悲しい・寂しいをすぐに伝えるのではなく､一度心の中で整理してみましょう｡気持ちを言葉に変える力がつけば､恋はもっと穏やかに､もっと長く続きます｡"
  },
  "魂レベル相性タイプ": {
    "catch": "言葉がいらないほど、心が通じます。",
    "body": "言葉を超えて通じ合うような､深い一体感を持つタイプ｡出会った瞬間から懐かしさを感じたり､沈黙の中でも心が触れ合うような安心感があります｡まるで前世から繋がっていたような感覚を持つこともあり､“魂で惹かれる” とはまさにこのこと｡けれど､心の深いつながりに甘えて､現実の課題を後回しにしてしまう傾向もあります｡恋は夢だけでなく､生活の積み重ねの上にも成り立つものです｡\nアドバイス：\nロマンチックな絆を守るためには､現実的な共有が欠かせません｡将来の話､生活リズム､お金や時間の使い方など⸺“地に足のついた愛” が､心のつながりを長続きさせます｡あなたたちの関係は､夢を語りながら､現実を一緒に歩むときに最も強く輝きます｡"
  },
  "お世話焼きタイプ": {
    "catch": "放っておけない。だから、愛しいのです。",
    "body": "相手を支えることで愛を表現するタイプ｡相手のために動くことが自然で､誰よりも相手の幸せを願う優しさを持っています｡困っている人を見ると放っておけず､つい手を差し伸べてしまう⸺そんな“面倒見の良さ” が魅力です｡ただ､与えることに慣れすぎて､自分が疲れていることに気づかなくなることも｡支える愛には､“休む勇気” も必要です｡\nアドバイス：\n愛とは､尽くすことだけではなく､頼ることでもあります｡ときには｢お願い｣や｢助けて｣を言葉にしてみましょう｡あなたが弱さを見せた瞬間､相手は｢守りたい｣と思ってくれます｡完璧でいなくていい｡支え合うことが､本当のパートナーシップです｡"
  },
  "すれ違いタイプ": {
    "catch": "想っているのに、うまく伝わらない。",
    "body": "お互いを大切に思っているのに､気持ちの伝え方やタイミングが少しズレてしまうタイプ｡愛情はあるのに誤解が生まれやすく､｢なんでわかってくれないの？｣というすれ違いが増えてしまいます｡決して相性が悪いわけではなく､“伝え方” の方向が少し違うだけ｡歩幅が揃えば､誰よりも深く理解し合える関係です｡\nアドバイス：\n｢伝わらない｣と感じたときこそ､言葉を増やしてみてください｡沈黙よりも確認を｡｢こういう意味で言ったんだよ｣｢これは嫌じゃなかった？｣と､一言添えるだけで誤解は減ります｡愛は感情ではなく､すり合わせで強くなる｡違いを責めずに､調整しながら寄り添いましょう｡"
  },
  "恋愛エンタメタイプ": {
    "catch": "毎日が、恋のステージです。",
    "body": "恋を“物語” のように楽しむタイプ｡サプライズや演出が得意で､毎日をドラマチックに彩ります｡笑顔や工夫で相手を楽しませる才能があり､二人の関係を常に明るくキラキラさせることができます｡けれど､盛り上げることに夢中になるあまり､自分の本音を後回しにしてしまうことも｡舞台の上ではなく､素のあなたを見せたときに､本当の愛は生まれます｡\nアドバイス：\n楽しい時間のあとに､3分だけ“本音タイム” をつくりましょう｡嬉しかったこと､不安だったこと､ほんの少しの正直を言葉にするだけで､心の距離は縮まります｡あなたが“素”を見せることで､相手もまた安心して心を開けるのです｡"
  },
  "芸術的カップル": {
    "catch": "感性でつながる、世界に一つの恋。",
    "body": "感性や美意識で惹かれ合うタイプ｡お互いの世界観に共鳴し､言葉よりも“雰囲気” で心が通じます｡好きな映画や音楽を語り合う時間が､恋そのもののように感じられるでしょう｡ふたりで過ごす空間は､まるで小さなアート作品のように繊細で美しい｡ただ､その美しさにこだわりすぎると､現実の小さなズレや不器用さを受け入れにくくなることもあります｡理想は美しくても､現実の優しさこそ本物の芸術です｡\nアドバイス：\n愛は完璧を求めるものではなく､未完成を分かち合うもの｡理想に近づこうとするより､“今この瞬間の不完全な美しさ” を味わってください｡お互いの弱さや日常の乱れをも､ふたりの物語の色として受け入れることで､関係はより深く､柔らかく輝きます｡"
  },
  "月下美人タイプ": {
    "catch": "夜に咲く、静かな情熱。",
    "body": "静けさの中で愛を育てる､繊細で奥ゆかしいタイプ｡派手な言葉やアピールは得意ではなく､さりげない優しさで相手に寄り添います｡深夜のやり取りや静かな時間に心が通いやすく､感情を少しずつ丁寧に紡ぐ恋です｡けれど､遠慮が重なると気持ちが届かなくなり､相手に｢何を考えているのかわからない｣と思わせてしまうことも｡言葉にしない優しさも素敵ですが､伝えないと届かない愛もあるのです｡\nアドバイス：\n｢恥ずかしい｣より｢伝えたい｣を選んでください｡嬉しい・寂しい・感謝など､ほんの一言を添えるだけで関係は変わります｡沈黙は心地よいけれど､時には声が必要です｡小さな言葉が､静かな恋を確かな絆に変えてくれます｡"
  },
  "解放自由タイプ": {
    "catch": "好きだからこそ、縛りません。",
    "body": "お互いの時間や空間を尊重できる､大人で自立したタイプ｡相手に依存せず､それぞれの世界を持ちながらも｢会いたい｣と思える距離感を保てます｡干渉しすぎず､信頼の上に成り立つ関係だからこそ､心が軽く､自由な空気が流れています｡ただ､距離を保つことに慣れすぎると､いつの間にか“冷たさ” と勘違いされてしまうことも｡自由と無関心の境界線を大切にしてください｡\nアドバイス：\n自由な関係を保つ秘訣は､“共有” を少しだけ残すこと｡短いメッセージや､今日の空の写真を送るだけで十分です｡相手の世界を尊重しながら､｢あなたを忘れていないよ｣と伝える｡距離を置くことは､離れることではありません｡信頼は“繋がりの温度” で守られます｡"
  },
  "安心依存タイプ": {
    "catch": "甘えと優しさで、包み合う。",
    "body": "寄り添い合うように愛を育てる､あたたかなタイプ｡優しさと甘えが自然に混ざり合い､ふたりの世界に包まれるような安心感があります｡相手のそばにいるだけで心が落ち着き､素直でいられる関係です｡ただ､その心地よさに浸りすぎると､世界がふたりだけに閉じてしまうことも｡外の刺激や挑戦を取り入れることで､愛はもっと強く､広くなります｡\nアドバイス：\n安心を守るためには､ほんの少しの“変化” を足してください｡ひとりで挑戦したことを話す､一緒に新しいことを始めるなど､刺激は愛の呼吸です｡相手に頼るだけでなく､自分も育てる意識を持つと､関係はより豊かに育っていきます｡"
  },
  "火山情熱タイプ": {
    "catch": "燃える愛ほど、育て方が大事。",
    "body": "感情の爆発力が強く､思ったことを素直にぶつけるタイプ｡怒るときも泣くときも真剣で､愛情が深ければ深いほど感情が大きく動きます｡恋はまるで火山のように熱く､激しく､そして真っ直ぐです｡正直であることはこのタイプの美徳ですが､感情が高ぶりすぎると､相手を圧倒してしまうことも｡衝突は悪ではなく､向き合うチャンス｡火のような愛を､“温かい炎” に変えていくことが鍵です｡\nアドバイス：\n感情を爆発させる前に､一呼吸置いて｢私､何を伝えたいんだろう｣と考えてみてください｡怒りの奥には､寂しさや不安が隠れています｡それを正直に伝えられたとき､あなたの真っ赤な情熱は､相手の心を温める灯になります｡"
  },
  "カリスマ相互依存タイプ": {
    "catch": "尊敬と情熱で、磨き合う。",
    "body": "お互いに強く惹かれ合い､影響し合う力を持つタイプ｡どちらもリーダー気質で､尊敬と情熱が共存する関係です｡切磋琢磨しながら高め合える一方､気づけば“競い合う恋” になってしまうこともあります｡愛とプライドのバランスを取ることが､この関係を成熟させる鍵です｡強いふたりほど､優しさの出し方が難しい｡でも､素直な｢ありがとう｣や｢頼りたい｣が言えた瞬間に､関係は一気に柔らかくなります｡\nアドバイス：\n相手の強さを羨むより､尊敬の言葉に変えてみてください｡｢すごいね｣と素直に言える関係は､どんな衝突よりも強い絆を作ります｡また､時々“ひとりの時間” を意識的に確保し､自分の目標を見失わないように｡あなたが自分らしく輝くほど､相手は安心してあなたを愛せます｡"
  },
  "理性バランス型": {
    "catch": "理性で守り、素直で育てる。",
    "body": "冷静な判断力と誠実さで恋を育てるタイプ｡感情的にならず､相手を思いやる姿勢が安定した関係を作ります｡誠実で真面目なあなたは､恋の中でも｢どうすれば相手に負担をかけないか｣を常に考えています｡ただ､理性が強すぎると感情表現が減り､｢本当に好きなのかな？｣と不安を与えてしまうことも｡信頼は計画で築けますが､愛情は感情で伝わるものです｡\nアドバイス：\nあなたの誠実さは言葉にしてこそ伝わります｡理由のいらない｢好きです｣｢今日の笑顔が嬉しかった｣⸺そんな一言が､相手の心を温めます｡恋は理性で守り､感情で育てるもの｡バランスを意識するあなたにこそ､“素直さ” というもうひとつの強さが似合います｡"
  },
  "幻想理想タイプ": {
    "catch": "理想は羅針盤、現実は土台。",
    "body": "理想を追いかけ､恋を通して“完璧な物語” を求めるタイプ｡相手の魅力を深く見抜く目を持っている反面､期待が大きすぎて現実とのギャップに戸惑うこともあります｡恋の始まりはいつもロマンチックで､相手を夢中にさせる魅力がありますが､時間が経つほど｢思っていたのと違う｣と感じやすい傾向があります｡理想を壊すことは､夢を失うことではありません｡むしろ､現実の優しさに気づいたときに､本物の愛が始まります｡\nアドバイス：\n｢理想通りじゃない相手＝運命じゃない｣と決めつけないでください｡小さな優しさや不器用な行動に､愛のリアルが隠れています｡恋を物語として終わらせず､現実のページを一緒に書き続けること｡理想の中に､現実を好きになる余白を残してあげましょう｡"
  },
  "大人の恋愛タイプ": {
    "catch": "静かな余裕に、甘さをひとさじ。",
    "body": "落ち着いた雰囲気と､深い信頼でつながるタイプ｡お互いの生活や考え方を尊重し､依存しすぎない距離感を保てます｡干渉せず､静かに寄り添う姿勢はまさに“成熟した恋”｡ただ､安心しすぎると｢淡白｣と誤解されることもあります｡感情を抑える大人の余裕の中に､ほんの少しの甘さを混ぜることで､関係はより優しく深まります｡\nアドバイス：\n感情をコントロールすることは素敵ですが､たまには素直に｢寂しかった｣｢会いたい｣を伝えてみてください｡完璧な沈黙より､不器用な一言の方が心を動かします｡恋は理性の上で成り立つけれど､温もりは本音の中に宿ります｡"
  },
  "駆け引き恋愛タイプ": {
    "catch": "勝ち負けより、共鳴を。",
    "body": "恋の駆け引きを自然に楽しめるタイプ｡相手の反応を見ながら距離を測り､恋を“ゲームのように” 操る頭の良さがあります｡好きでも素直に言えなかったり､わざと冷たくしたり⸺それは本気だからこその防衛反応です｡けれど､駆け引きが続くと､相手の心は“探り合い” に疲れてしまうことも｡信頼を築くためには､時に“勝ち負け” を手放すことが必要です｡\nアドバイス：\n好かれたいなら､隠すよりも見せる勇気を｡少しの弱音や素直な笑顔が､相手の警戒を溶かします｡恋は戦略ではなく共鳴｡駆け引きの先にある“安心” をゴールにすると､あなたの恋はもっと優しく､長く続きます｡"
  },
  "執着ロマンス型": {
    "catch": "手放す勇気が、愛を深くする。",
    "body": "一途で､愛する人のことを誰よりも深く想うタイプ｡好きになると､その人だけを見つめ続け､他が目に入らなくなるほど情熱的です｡誠実で真面目な気持ちから始まった愛が､気づかないうちに｢手放すのが怖い愛｣に変わることもあります｡愛が深いほど､失うことを恐れてしまう⸺それは優しさの裏返しです｡でも本当の愛は､相手を縛ることではなく､信じて見守ることから育ちます｡\nアドバイス：\nあなたの愛はとても強く､そして尊いもの｡その力を“相手を支配する方向” ではなく､“自分を満たす方向” に向けてみましょう｡ひとりの時間を楽しむ日をつくるだけで､恋の温度は穏やかに整います｡あなたが自分の幸せを持つとき､相手も安心してあなたを愛せるようになります｡"
  },
  "執着ロマンスタイプ": {
    "catch": "手放す勇気が、愛を深くする。",
    "body": "一途で､愛する人のことを誰よりも深く想うタイプ｡好きになると､その人だけを見つめ続け､他が目に入らなくなるほど情熱的です｡誠実で真面目な気持ちから始まった愛が､気づかないうちに｢手放すのが怖い愛｣に変わることもあります｡愛が深いほど､失うことを恐れてしまう⸺それは優しさの裏返しです｡でも本当の愛は､相手を縛ることではなく､信じて見守ることから育ちます｡\nアドバイス：\nあなたの愛はとても強く､そして尊いもの｡その力を“相手を支配する方向” ではなく､“自分を満たす方向” に向けてみましょう｡ひとりの時間を楽しむ日をつくるだけで､恋の温度は穏やかに整います｡あなたが自分の幸せを持つとき､相手も安心してあなたを愛せるようになります｡"
  },
  "奇跡のシンクロタイプ": {
    "catch": "偶然じゃない、育てる奇跡。",
    "body": "価値観やタイミングが驚くほど合う､“運命を感じる” タイプ｡考えていることや欲しいものが同じだったり､偶然が重なったりと､まるで引き寄せられているような関係です｡直感的に通じ合うからこそ､言葉がなくても安心できる一方､少しのズレが起きたときに不安が急に大きくなることもあります｡奇跡は偶然ではなく､努力で続けるもの｡日常の中に“再び出会う瞬間” を作る意識が大切です｡\nアドバイス：\n｢通じ合っている｣と感じたら､そこに甘えすぎないようにしましょう｡定期的に気持ちを言葉にして､奇跡を“習慣” に変えてください｡たとえば､毎日一つ｢今日うれしかったこと｣を共有するだけでも､絆は生き続けます｡運命は待つものではなく､二人で更新していくものです｡"
  }
}
