type,共感,調和,依存,刺激,信頼
敏腕マネージャー,4,10,1,3,10
デビル天使,10,3,8,10,3
不思議生命体,10,1,1,10,2
最後の恋人,10,9,9,1,10
主役体質,3,3,2,10,4
ボス猫,2,1,1,5,10
ツンデレヤンキー,3,1,8,9,10
隠れベイビー,10,9,10,2,3
ちゃっかりうさぎ,9,10,3,8,4
ロマンスマジシャン,10,2,8,10,1
忠犬ハチ公,9,10,9,1,10
恋愛モンスター,3,1,10,10,1
憧れの先輩,9,10,2,3,10
キャプテンライオン,2,1,2,10,10
カリスマダンサー,3,2,2,10,2
パーフェクトカメレオン,10,10,1,9,4
