{
  "安心型": {
    "A": "幼なじみ安心型",
    "B": "お世話焼きタイプ",
    "C": "熟年夫婦タイプ",
    "D": "癒しパートナータイプ"
  },
  "共感型": {
    "A": "月下美人タイプ",
    "B": "夜明けの恋人タイプ",
    "C": "幸福共感タイプ",
    "D": "魂レベル相性タイプ"
  },
  "理性型": {
    "A": "大人の恋愛タイプ",
    "B": "駆け引き恋愛タイプ",
    "C": "理性バランス型",
    "D": "クールシーソータイプ"
  },
  "自由型": {
    "A": "恋愛エンタメタイプ",
    "B": "解放自由タイプ",
    "C": "鏡写しタイプ",
    "D": "すれ違いタイプ"
  },
  "依存型": {
    "A": "運命共同体タイプ",
    "B": "共依存メンヘラカップル",
    "C": "安心依存タイプ",
    "D": "執着ロマンス型"
  },
  "ドラマ型": {
    "A": "情熱ストームタイプ",
    "B": "嵐のような恋タイプ",
    "C": "幻想理想タイプ",
    "D": "感情ジェットコースタータイプ"
  },
  "バランス型": {
    "A": "太陽と月タイプ",
    "B": "ミラクルバランスタイプ",
    "C": "奇跡のシンクロタイプ",
    "D": "空気のような関係"
  },
  "情熱型": {
    "A": "カリスマ相互依存タイプ",
    "B": "瞬間恋愛タイプ",
    "C": "芸術的カップル",
    "D": "火山情熱タイプ"
  }
}
